project_id,budget,duration_months,employees_impacted,training_hours,communication_score,success_flag,leadership_alignment,project_management,historical_success_rate,risk_mitigation
PRJ-001,134242585,35,4453,11,1.1,0,1,0,63.3,37.44
PRJ-002,83092411,5,520,135,4.7,1,1,0,27.76,91.65
PRJ-003,85075478,7,1068,51,2.7,1,0,0,48.36,39.26
PRJ-004,182867587,30,3610,103,4.5,1,0,1,43.96,50.54
PRJ-005,50065827,17,2824,141,4.8,1,0,0,29.95,39.8
PRJ-006,191925627,21,2855,176,1.0,1,0,0,13.4,40.64
PRJ-007,149858718,21,3874,36,3.9,0,1,0,37.04,66.23
PRJ-008,76479043,6,3365,85,3.3,0,0,1,11.73,11.63
PRJ-009,37583932,15,2576,125,4.3,1,1,1,92.26,7.18
PRJ-010,51905837,10,3560,153,3.3,0,1,1,59.96,80.65
PRJ-011,58708255,32,1191,27,3.7,1,0,1,67.29,94.26
PRJ-012,50524534,20,1725,195,4.2,0,1,1,96.15,96.07
PRJ-013,111812917,30,4180,97,5.0,0,0,0,43.01,92.12
PRJ-014,84598704,41,2615,116,4.2,0,1,1,27.63,31.49
PRJ-015,177234808,40,4887,113,4.5,0,1,0,56.37,5.7
PRJ-016,192566082,41,574,58,1.9,0,1,0,86.0,45.15
PRJ-017,95670635,28,1916,152,3.5,0,0,1,20.61,49.06
PRJ-018,127167128,41,1042,129,1.7,1,0,0,62.18,63.54
PRJ-019,2130990,26,1362,35,4.5,0,1,0,85.93,70.95
PRJ-020,14929222,44,4637,74,2.0,0,0,0,26.55,73.66
PRJ-021,71473050,44,3596,17,4.2,1,0,1,44.6,83.56
PRJ-022,172884976,34,1097,28,3.6,1,1,1,79.68,88.56
PRJ-023,146546808,41,2773,173,3.5,1,1,1,16.2,91.04
PRJ-024,73330344,35,633,71,4.2,1,1,0,82.92,92.71
PRJ-025,20428502,16,251,85,3.9,0,0,0,82.65,63.33
PRJ-026,77833763,8,2569,107,2.6,1,1,1,22.87,16.2
PRJ-027,32750626,31,2125,194,5.0,1,0,0,92.16,16.26
PRJ-028,147240729,47,1927,176,4.6,0,1,1,30.84,65.2
PRJ-029,84347307,30,1660,159,3.7,1,1,0,97.57,16.56
PRJ-030,46272081,43,3828,178,1.3,1,0,1,8.54,48.03
PRJ-031,167950467,27,3454,20,2.2,1,0,1,3.24,73.27
PRJ-032,185186095,48,3001,48,1.9,1,1,0,6.57,1.28
PRJ-033,142480402,22,2772,174,3.9,0,1,1,20.06,50.15
PRJ-034,128159973,33,1829,163,2.8,1,0,1,48.79,90.3
PRJ-035,64166992,29,3353,113,4.8,1,1,0,33.11,78.85
PRJ-036,100607662,37,1692,177,2.2,1,1,0,51.34,84.22
PRJ-037,147745354,22,983,105,2.6,0,0,1,0.75,56.38
PRJ-038,81265159,21,770,47,3.7,0,0,0,82.86,92.81
PRJ-039,114729773,27,354,40,3.1,0,0,0,67.84,14.25
PRJ-040,53664549,43,3564,32,1.2,1,0,1,81.91,89.83
PRJ-041,139025477,14,1691,37,1.5,1,1,1,20.01,37.68
PRJ-042,26508108,46,3669,139,2.8,1,1,1,33.09,33.97
PRJ-043,109065837,3,2421,188,4.3,0,1,1,23.02,28.45
PRJ-044,82048339,21,2168,97,3.5,0,1,1,81.59,76.1
PRJ-045,172892329,10,3398,43,4.4,0,0,1,6.2,1.14
PRJ-046,170635216,38,1689,78,3.4,1,0,0,78.56,55.39
PRJ-047,192492940,40,3934,16,3.3,1,1,0,73.1,7.76
PRJ-048,108325266,41,2136,111,4.7,1,0,1,50.61,95.05
PRJ-049,126953307,20,3997,39,1.4,1,0,0,33.72,4.17
PRJ-050,129214758,32,4872,132,3.7,1,1,0,11.29,8.23
PRJ-051,163865153,21,3044,47,4.4,0,0,0,24.67,29.58
PRJ-052,1279539,11,2283,12,4.7,1,0,1,39.77,35.94
PRJ-053,38294084,27,2542,45,3.8,1,0,0,9.42,40.57
PRJ-054,199199169,8,2823,82,1.3,0,1,1,53.18,0.85
PRJ-055,45806128,32,237,159,4.6,0,1,1,15.34,54.55
PRJ-056,106415157,8,3871,14,4.7,0,0,0,43.31,49.41
PRJ-057,5616480,43,2957,87,2.5,0,0,1,31.2,78.76
PRJ-058,114038451,31,1578,165,2.6,1,0,1,43.81,6.82
PRJ-059,138396018,37,712,94,1.9,0,0,0,47.7,59.93
PRJ-060,163744003,42,3393,21,3.0,0,1,1,44.02,66.74
PRJ-061,79364284,4,2544,124,2.9,0,0,1,67.96,93.41
PRJ-062,11801930,42,4920,59,4.5,1,1,1,95.81,12.51
PRJ-063,19231476,24,3921,166,4.8,0,1,1,80.69,60.26
PRJ-064,51418316,14,3142,113,4.5,1,0,1,90.83,65.31
PRJ-065,129368477,14,3081,107,4.5,1,0,0,63.03,77.84
PRJ-066,77469958,28,877,159,2.3,1,1,1,11.73,55.65
PRJ-067,138719414,44,4860,169,4.3,0,1,1,1.16,38.64
PRJ-068,45635290,45,2697,173,3.9,1,1,0,70.77,35.12
PRJ-069,26788943,47,1829,103,2.3,1,0,0,76.56,40.49
PRJ-070,162584860,11,604,150,4.5,0,0,1,34.1,19.48
PRJ-071,71261532,30,2713,146,1.6,0,0,1,69.07,81.19
PRJ-072,152032437,42,3971,59,2.0,1,1,1,47.65,66.56
PRJ-073,129017832,21,4240,83,2.0,0,0,1,62.0,71.12
PRJ-074,133702614,36,654,167,3.5,1,1,0,51.62,95.31
PRJ-075,37421134,47,4074,50,4.9,0,1,0,19.59,34.03
PRJ-076,182725650,34,4744,166,1.3,0,1,1,72.71,93.43
PRJ-077,69092796,5,3048,43,4.9,1,0,0,89.12,78.37
PRJ-078,180804035,10,1410,135,4.9,1,1,1,67.85,26.18
PRJ-079,149051361,20,4961,71,1.9,1,0,0,84.34,13.14
PRJ-080,100660070,15,139,24,3.0,1,1,0,77.03,66.08
PRJ-081,104371884,32,3785,65,4.5,0,1,0,94.96,66.21
PRJ-082,167258448,24,3887,121,2.8,1,0,1,42.24,39.62
PRJ-083,166543387,24,2320,44,4.2,0,1,1,44.73,61.79
PRJ-084,26634682,36,2374,180,4.3,1,1,1,21.04,18.01
PRJ-085,84610260,48,1633,108,1.9,1,1,1,37.65,14.03
PRJ-086,144170442,13,679,120,3.2,0,0,1,37.06,36.78
PRJ-087,42509758,15,1243,91,1.7,0,1,1,6.3,31.35
PRJ-088,71185369,7,2390,164,4.8,0,0,0,11.02,15.41
PRJ-089,107291681,29,3608,181,4.0,1,0,1,94.4,26.84
PRJ-090,50718257,14,4695,151,2.7,1,1,0,78.2,71.56
PRJ-091,123833740,18,4461,36,5.0,1,1,1,35.26,15.35
PRJ-092,82351911,13,3892,200,3.1,0,1,1,12.11,30.95
PRJ-093,121214669,44,684,32,4.8,0,0,0,11.67,84.86
PRJ-094,50663399,7,4139,181,3.3,0,1,1,89.83,52.14
PRJ-095,28368871,13,2786,194,2.3,1,0,0,46.35,35.02
PRJ-096,178902995,19,1076,38,2.5,1,0,1,56.99,93.21
PRJ-097,150846398,48,813,117,4.9,1,1,1,67.94,3.35
PRJ-098,8607801,37,320,187,3.2,1,1,0,9.99,58.95
PRJ-099,187936701,10,2237,34,2.5,1,1,0,91.2,40.92
PRJ-100,163097535,23,723,107,2.4,1,0,0,76.31,46.93
PRJ-101,85533886,37,1962,38,4.4,1,0,0,98.99,48.97
PRJ-102,174691367,19,815,44,2.9,1,0,1,22.01,97.35
PRJ-103,90801653,38,1238,106,4.0,0,1,0,50.62,67.71
PRJ-104,102589075,40,3307,71,3.3,1,0,0,14.32,24.52
PRJ-105,34462833,11,3566,131,4.8,0,0,1,69.7,56.84
PRJ-106,158347857,42,4854,101,1.7,1,0,1,74.82,96.95
PRJ-107,1812166,47,804,69,3.7,1,1,1,45.23,46.76
PRJ-108,38923213,40,3220,13,3.1,1,1,1,43.17,75.5
PRJ-109,82289609,27,2728,152,3.3,1,0,1,91.46,57.03
PRJ-110,48250246,11,1481,124,4.3,0,0,0,19.61,56.43
PRJ-111,188873142,20,1607,172,3.0,1,0,1,20.93,12.57
PRJ-112,163969711,14,2487,14,1.1,0,0,0,53.97,3.87
PRJ-113,71257771,34,1055,156,2.3,1,0,0,46.72,54.01
PRJ-114,39050562,19,1208,86,3.6,1,1,1,39.0,89.11
PRJ-115,69042871,28,587,106,3.9,1,1,0,20.67,54.37
PRJ-116,93139111,12,2918,98,3.6,1,0,1,50.77,36.55
PRJ-117,25728673,47,1169,187,2.8,1,1,0,45.39,19.61
PRJ-118,1469413,48,3151,24,3.9,1,0,0,71.73,66.35
PRJ-119,122943628,16,3547,45,3.6,0,1,0,3.85,84.34
PRJ-120,24870517,32,3277,73,5.0,0,0,1,47.46,26.68
PRJ-121,66732318,4,4785,168,1.6,1,1,0,30.89,4.42
PRJ-122,154801463,36,788,23,2.6,1,0,0,94.16,69.28
PRJ-123,161073029,31,3710,137,2.1,1,1,1,57.1,58.03
PRJ-124,191105710,37,186,134,4.0,1,0,1,75.11,10.23
PRJ-125,84624911,43,556,144,4.4,0,1,1,43.98,13.78
PRJ-126,7686438,36,3378,57,2.3,1,1,0,46.85,85.32
PRJ-127,90965001,34,195,172,4.2,0,0,0,18.52,70.16
PRJ-128,4859037,12,4368,187,4.4,0,1,1,51.33,19.99
PRJ-129,71827818,28,2073,21,2.1,1,0,0,77.71,69.29
PRJ-130,86044839,47,4321,40,3.8,0,1,0,57.11,20.28
PRJ-131,16280296,35,450,128,4.1,1,0,0,59.92,62.9
PRJ-132,82570003,15,2231,94,3.1,0,1,1,63.38,27.08
PRJ-133,28238934,32,2089,165,1.4,1,1,1,90.01,20.43
PRJ-134,132569363,44,2651,30,3.7,1,0,0,0.63,81.15
PRJ-135,150295702,41,1907,58,2.0,1,1,0,37.57,44.44
PRJ-136,123090640,28,2413,177,1.4,1,0,0,38.72,53.86
PRJ-137,98781708,34,4226,58,2.3,1,0,1,29.14,47.69
PRJ-138,65799543,8,4660,14,3.6,0,0,0,53.91,5.73
PRJ-139,29687869,39,1969,28,2.7,1,1,1,29.42,87.82
PRJ-140,108091129,42,4019,45,3.7,1,1,1,99.34,45.61
PRJ-141,133881133,30,4050,69,2.9,1,0,0,94.0,2.15
PRJ-142,77287764,17,2850,125,3.6,0,1,0,22.66,63.05
PRJ-143,111346398,8,2015,125,3.4,1,1,0,32.41,62.52
PRJ-144,41577036,23,4320,17,3.7,1,1,1,65.34,57.63
PRJ-145,114764150,16,1470,19,2.1,1,1,0,98.42,46.28
PRJ-146,177605560,48,4013,64,1.0,1,0,0,3.32,93.58
PRJ-147,105222706,12,1436,188,2.9,0,1,1,91.96,91.4
PRJ-148,91022989,12,1006,99,4.0,0,1,1,80.09,97.36
PRJ-149,47172812,15,4698,130,3.4,0,0,1,93.81,98.04
PRJ-150,109459952,20,1056,143,3.1,0,0,0,0.58,69.88
PRJ-151,77723707,20,904,180,4.6,0,1,1,16.13,75.41
PRJ-152,91834892,45,3975,184,2.5,1,1,1,31.25,98.91
PRJ-153,191417574,38,2292,71,2.7,1,1,1,10.66,62.76
PRJ-154,58289400,45,1673,20,2.0,1,1,1,26.27,83.72
PRJ-155,51452806,30,3177,49,4.1,0,1,0,42.79,22.04
PRJ-156,129708650,39,1615,46,4.7,1,0,0,63.57,69.71
PRJ-157,175434657,5,3999,154,4.0,0,0,1,34.7,37.3
PRJ-158,82954249,16,2256,53,1.1,1,0,1,5.93,91.29
PRJ-159,193008850,37,114,21,1.7,0,1,0,18.35,21.92
PRJ-160,105806171,8,2324,141,1.7,1,1,1,14.12,97.86
PRJ-161,27697303,34,905,123,2.6,1,1,0,76.12,6.06
PRJ-162,136657671,26,3544,16,4.9,0,0,0,43.62,41.81
PRJ-163,6989603,23,4875,75,4.8,1,1,1,15.45,56.88
PRJ-164,80383600,23,3747,94,1.3,1,0,0,82.11,75.65
PRJ-165,38150217,17,1293,162,4.8,0,0,0,5.01,38.08
PRJ-166,41484798,5,2319,121,2.2,1,0,0,83.35,55.21
PRJ-167,159253427,34,4135,72,4.8,1,0,0,17.68,8.59
PRJ-168,103484862,34,2130,29,1.7,0,0,1,17.86,93.53
PRJ-169,24804947,11,3804,160,2.9,1,0,0,8.18,48.7
PRJ-170,48220033,11,4490,63,1.5,1,1,1,21.5,89.49
PRJ-171,49431393,10,4571,193,4.8,0,0,1,5.3,3.0
PRJ-172,187603067,45,4869,170,3.3,0,0,1,54.28,87.66
PRJ-173,82657681,43,1063,34,4.9,1,1,1,18.1,43.5
PRJ-174,140886345,40,659,95,1.2,0,1,0,95.33,49.76
PRJ-175,128605606,42,4993,136,1.9,0,1,1,37.16,16.83
PRJ-176,137271064,9,1942,86,3.7,0,0,1,41.9,26.97
PRJ-177,122142324,31,1415,98,1.4,1,0,1,88.49,62.22
PRJ-178,184987148,36,1393,106,4.0,1,0,1,23.64,57.82
PRJ-179,52669454,28,3371,10,2.9,0,1,0,9.04,79.29
PRJ-180,119278777,38,4214,131,2.7,1,1,1,43.03,65.24
PRJ-181,43871406,18,560,71,1.3,0,0,0,12.61,58.56
PRJ-182,10062922,12,4563,76,3.7,0,1,1,7.63,40.88
PRJ-183,80991277,34,1230,24,4.4,0,0,1,49.51,10.95
PRJ-184,79686611,42,4861,113,2.7,1,1,0,54.98,55.49
PRJ-185,116253107,31,4823,29,3.4,1,0,1,62.04,59.29
PRJ-186,57454192,48,1394,146,4.2,1,1,0,14.01,72.43
PRJ-187,38835794,41,119,170,3.1,1,1,1,32.73,24.4
PRJ-188,170705391,36,1013,118,4.1,1,0,1,84.12,93.0
PRJ-189,183744177,24,4873,73,4.7,1,1,1,84.07,8.99
PRJ-190,84496156,47,1673,50,1.4,1,0,0,59.32,82.35
PRJ-191,88965501,25,4829,141,4.9,0,0,1,60.43,0.73
PRJ-192,24194807,43,2143,136,4.0,0,1,1,65.63,60.01
PRJ-193,153219384,46,1172,67,1.4,1,0,1,24.99,34.38
PRJ-194,146563568,28,241,59,3.4,0,1,1,54.73,34.05
PRJ-195,145368582,23,4779,173,1.3,0,1,1,67.36,78.07
PRJ-196,155515288,34,2202,28,4.3,0,0,1,20.77,21.65
PRJ-197,101803972,48,877,65,2.8,1,1,0,9.3,58.78
PRJ-198,111428768,24,2133,123,2.9,1,1,1,50.23,88.65
PRJ-199,176154528,45,935,40,4.2,0,1,1,5.45,66.34
PRJ-200,76340997,21,2026,120,2.6,0,0,1,60.42,19.45
PRJ-201,42562883,3,4121,192,1.9,0,1,0,4.06,45.04
PRJ-202,174104211,6,4101,160,4.6,1,1,1,93.9,84.22
PRJ-203,66277719,12,4141,98,3.8,0,0,1,85.79,47.92
PRJ-204,22620332,28,4214,124,3.3,1,0,0,1.74,11.9
PRJ-205,197024787,8,1813,171,3.7,1,1,1,12.67,72.76
PRJ-206,40703866,16,2985,125,2.2,1,1,1,14.77,97.44
PRJ-207,87976787,27,1618,26,1.5,1,1,0,58.55,96.79
PRJ-208,73625964,37,3344,105,2.7,0,1,0,53.42,35.13
PRJ-209,66433718,45,3440,86,1.5,1,1,0,47.88,18.7
PRJ-210,133671041,48,1560,61,3.5,0,0,1,65.3,93.08
PRJ-211,102635216,33,4572,65,1.9,1,1,0,50.73,93.5
PRJ-212,155068891,33,1506,14,4.9,1,1,0,1.6,53.46
PRJ-213,92881917,30,3766,45,2.4,0,0,0,43.16,73.68
PRJ-214,119678559,42,3979,66,4.6,1,0,0,19.49,84.78
PRJ-215,135938739,30,1499,113,1.9,1,0,1,2.25,2.36
PRJ-216,86084641,35,1685,18,2.9,1,1,1,29.34,74.29
PRJ-217,80537161,15,1763,157,4.0,1,1,0,78.71,86.18
PRJ-218,74335764,21,3839,78,4.8,1,1,1,96.8,32.84
PRJ-219,188451549,27,2533,42,5.0,1,0,1,90.67,24.14
PRJ-220,54962042,48,4937,189,3.1,0,0,0,2.0,55.21
PRJ-221,183522706,45,4066,18,4.2,0,0,0,73.0,62.78
PRJ-222,20597884,16,3970,51,3.3,0,0,0,59.83,19.41
PRJ-223,142512952,46,3128,56,2.1,1,1,1,76.65,90.23
PRJ-224,23421449,23,2782,157,2.1,1,0,1,34.84,57.13
PRJ-225,54774009,22,122,30,2.4,0,1,0,42.51,83.88
PRJ-226,174762258,25,2070,188,4.1,0,1,1,61.06,27.72
PRJ-227,187961598,21,1055,175,4.9,0,1,0,14.08,27.77
PRJ-228,64111190,30,3182,190,5.0,1,1,1,42.81,36.9
PRJ-229,50029695,20,2203,119,4.5,0,1,1,7.55,56.55
PRJ-230,97155249,39,4593,80,3.2,1,0,0,92.63,73.93
PRJ-231,165715525,48,4172,153,2.9,1,0,1,24.9,35.64
PRJ-232,16209911,48,2352,113,4.5,0,0,1,74.79,84.67
PRJ-233,42494764,8,3379,115,3.3,0,1,0,64.12,15.59
PRJ-234,48011191,17,92,135,4.8,0,1,1,73.25,15.53
PRJ-235,118589480,32,2508,115,2.8,0,1,0,87.13,84.92
PRJ-236,172567964,21,2302,71,4.9,1,1,1,81.61,68.69
PRJ-237,14393302,18,1126,100,4.1,0,0,0,27.94,94.4
PRJ-238,3563914,5,3102,58,4.5,1,1,0,56.38,14.35
PRJ-239,44618482,28,4829,131,1.9,0,1,0,59.07,8.3
PRJ-240,184270839,7,3885,125,3.9,0,0,1,16.86,90.32
PRJ-241,14582084,35,3590,80,3.9,1,0,1,2.12,99.81
PRJ-242,101270597,14,4391,123,2.4,1,0,0,22.07,97.69
PRJ-243,42235316,40,4286,104,1.9,0,1,0,91.48,47.36
PRJ-244,149280783,13,3113,200,2.5,1,0,0,30.13,62.76
PRJ-245,77496846,6,2014,196,2.9,0,1,0,6.17,11.8
PRJ-246,61111141,46,3888,53,4.3,0,1,0,93.58,26.77
PRJ-247,154857882,9,1875,152,1.8,0,0,0,1.1,72.89
PRJ-248,65857677,43,4361,123,1.9,0,1,1,86.15,4.45
PRJ-249,160997838,28,1946,39,3.7,1,0,0,42.48,35.12
PRJ-250,55365679,8,4018,197,3.7,1,0,1,28.51,70.95
PRJ-251,77021719,33,2550,190,3.4,0,1,0,60.08,39.55
PRJ-252,47255547,29,1808,16,4.0,0,1,0,4.0,32.23
PRJ-253,35473071,19,2818,23,1.8,1,1,1,81.35,30.08
PRJ-254,39388497,21,1336,174,4.7,1,0,1,70.75,99.34
PRJ-255,173582154,39,1196,51,4.7,0,0,0,56.57,72.07
PRJ-256,37978392,3,1628,129,1.5,0,1,1,39.65,79.56
PRJ-257,192489948,4,1375,83,3.3,0,1,1,79.85,43.9
PRJ-258,105919659,30,3269,45,3.6,1,1,0,49.26,32.72
PRJ-259,45062395,36,4111,149,4.6,1,0,1,48.87,62.07
PRJ-260,59626018,13,4755,68,3.7,0,0,1,24.41,75.53
PRJ-261,166050396,14,2347,176,4.2,1,1,0,3.25,10.69
PRJ-262,133911516,4,2760,193,3.5,0,0,1,24.65,13.46
PRJ-263,157173645,23,4330,88,4.8,1,0,0,25.7,73.94
PRJ-264,150904956,10,1948,61,2.3,1,1,0,96.09,46.21
PRJ-265,176955337,18,343,133,2.5,1,1,1,46.32,7.13
PRJ-266,187053106,33,2674,97,3.6,0,0,0,11.28,74.62
PRJ-267,64480260,5,4379,115,1.0,1,0,1,0.67,51.62
PRJ-268,177978461,38,1737,76,1.6,1,0,0,39.21,69.95
PRJ-269,127632723,34,4989,174,1.4,1,0,1,8.34,76.65
PRJ-270,147001754,44,776,77,1.8,1,0,0,75.25,39.2
PRJ-271,5353830,28,342,49,1.8,1,0,0,10.07,78.48
PRJ-272,89742622,11,3589,73,3.3,1,0,1,18.77,29.39
PRJ-273,14447380,38,1457,78,1.6,0,0,1,13.96,29.09
PRJ-274,1592896,32,1478,110,3.5,1,0,0,32.85,96.84
PRJ-275,199035265,20,205,43,2.3,0,0,0,45.23,98.4
PRJ-276,148474579,27,2435,106,3.1,1,0,0,3.75,25.32
PRJ-277,124864042,10,2510,60,1.3,0,1,0,55.19,82.1
PRJ-278,104048561,25,4428,37,1.1,1,0,1,35.91,39.85
PRJ-279,7879171,6,3621,96,2.2,0,1,1,15.35,42.56
PRJ-280,97990707,45,2613,55,2.4,0,0,1,10.28,40.38
PRJ-281,172754550,22,2680,142,1.9,1,1,1,95.0,45.92
PRJ-282,47674940,12,1040,24,2.6,1,1,0,93.93,71.93
PRJ-283,165996107,4,4990,23,4.3,0,0,0,23.68,25.37
PRJ-284,117466977,28,120,62,4.6,0,1,1,89.77,22.22
PRJ-285,141592977,30,4836,153,3.8,1,0,0,22.68,56.54
PRJ-286,129167436,32,2187,87,2.5,0,1,1,60.73,52.31
PRJ-287,107126128,31,3239,62,2.8,1,0,0,55.52,34.1
PRJ-288,57533077,29,1164,101,1.1,1,0,0,74.18,96.83
PRJ-289,14944652,23,4414,86,2.7,0,1,0,69.36,10.21
PRJ-290,118384013,4,1652,121,2.3,0,1,1,26.12,63.41
PRJ-291,181936881,19,2563,175,2.2,1,0,1,18.91,76.97
PRJ-292,81407482,45,1319,173,3.2,1,1,1,1.55,16.62
PRJ-293,49347162,21,1345,90,2.1,0,0,1,25.73,53.69
PRJ-294,76430290,4,2051,108,4.1,0,0,0,64.13,56.21
PRJ-295,32838095,10,3140,10,3.4,1,0,0,17.54,54.54
PRJ-296,143521158,40,2839,176,2.6,1,1,0,72.65,18.72
PRJ-297,87055901,27,3468,151,3.1,1,1,0,59.46,31.16
PRJ-298,160131377,4,3075,122,2.0,1,1,1,8.82,6.96
PRJ-299,67344162,45,1731,57,3.7,0,0,0,96.14,26.19
PRJ-300,84197723,23,664,39,4.1,1,0,0,59.21,82.22
PRJ-301,47707129,24,4026,189,1.5,1,1,1,83.26,24.81
PRJ-302,197808203,17,2509,106,1.3,1,1,0,45.95,1.98
PRJ-303,132842003,43,1310,175,3.5,0,1,0,24.38,18.62
PRJ-304,9992033,34,4005,59,4.8,0,0,0,86.58,98.26
PRJ-305,54465443,5,2606,58,4.7,0,1,1,24.2,53.38
PRJ-306,98761667,5,307,115,1.5,0,0,1,99.65,55.7
PRJ-307,150547912,44,4440,49,1.3,1,1,0,36.45,43.13
PRJ-308,38255366,33,3950,12,3.5,0,0,0,71.56,60.55
PRJ-309,164114570,7,2528,44,4.4,1,0,0,45.36,65.65
PRJ-310,70167748,5,4578,133,4.9,0,0,0,18.07,0.59
PRJ-311,130221870,47,2473,70,3.4,0,0,0,9.35,79.77
PRJ-312,119148336,37,3524,66,1.6,1,1,0,49.21,36.81
PRJ-313,84872730,14,4025,181,4.8,0,1,0,16.97,54.59
PRJ-314,28766700,6,614,51,1.0,0,0,0,33.17,45.23
PRJ-315,118002422,27,2491,152,3.4,1,1,1,72.09,86.79
PRJ-316,170033487,34,2968,191,2.5,1,1,0,34.79,12.8
PRJ-317,9192859,9,3301,73,4.7,1,0,0,28.42,36.25
PRJ-318,106052162,20,1744,185,1.1,0,1,1,3.22,11.38
PRJ-319,9213578,37,4446,136,4.3,0,0,0,4.28,24.73
PRJ-320,109247279,16,3194,166,1.6,0,0,0,97.98,85.3
PRJ-321,102322579,32,4957,144,3.6,1,1,1,13.21,76.0
PRJ-322,92643649,3,4271,183,3.3,0,0,0,44.31,73.61
PRJ-323,52665402,46,3138,120,2.9,1,1,0,84.66,78.03
PRJ-324,189801912,48,1276,162,3.3,1,0,1,39.06,6.13
PRJ-325,169107938,31,242,142,1.5,1,0,1,27.32,87.49
PRJ-326,36619181,14,4099,119,4.4,1,0,0,29.18,38.0
PRJ-327,190402010,21,3347,13,4.0,0,0,0,63.56,12.72
PRJ-328,180280267,21,2968,131,4.4,1,1,1,43.5,93.61
PRJ-329,82328198,34,3243,78,5.0,1,0,0,70.34,11.73
PRJ-330,9499518,9,4332,70,3.5,1,0,0,12.59,12.26
PRJ-331,149895160,45,588,23,2.2,0,0,0,37.93,36.94
PRJ-332,46850486,7,4504,11,4.3,1,1,1,87.82,98.97
PRJ-333,199796980,33,1366,37,3.3,1,1,0,9.66,51.89
PRJ-334,129978426,27,731,178,2.5,1,1,0,62.39,85.81
PRJ-335,11380136,32,3693,35,3.6,1,1,0,19.85,49.83
PRJ-336,77667214,17,2149,174,4.2,1,1,1,51.97,81.12
PRJ-337,177965395,7,2500,148,4.2,0,1,0,86.5,29.89
PRJ-338,168428605,3,1965,199,2.1,1,1,1,51.13,44.08
PRJ-339,92108910,34,1904,17,2.9,1,0,1,87.32,70.74
PRJ-340,70083276,46,1601,64,3.7,1,1,0,62.37,50.78
PRJ-341,116689991,6,3688,32,4.2,0,1,1,45.51,5.71
PRJ-342,109965916,18,2919,94,4.3,0,1,1,72.83,43.64
PRJ-343,134953541,24,3777,150,4.4,1,0,1,22.02,79.21
PRJ-344,71463060,29,4559,18,3.1,1,0,1,73.46,3.49
PRJ-345,3717036,36,2504,81,1.6,0,1,1,76.56,66.17
PRJ-346,177932612,23,2182,15,3.5,0,1,0,47.17,59.77
PRJ-347,58235544,20,4336,86,2.9,1,0,0,5.05,69.6
PRJ-348,106298178,29,1344,96,4.5,0,1,0,27.79,69.41
PRJ-349,42240066,12,1207,108,3.7,1,0,1,46.63,72.4
PRJ-350,142287983,18,1905,47,3.6,0,0,0,33.67,38.58
PRJ-351,94605143,21,3176,102,2.4,0,0,0,40.11,68.96
PRJ-352,66307845,23,3327,130,1.4,0,1,0,65.7,1.55
PRJ-353,94721954,28,4406,29,3.7,1,1,1,48.02,16.74
PRJ-354,34569186,22,963,12,3.9,1,0,1,61.6,34.18
PRJ-355,135449566,26,1555,162,3.1,0,1,0,19.6,36.36
PRJ-356,137401676,45,88,43,1.3,1,1,0,24.56,47.38
PRJ-357,148701706,31,128,118,2.7,0,1,0,51.09,75.56
PRJ-358,67150769,22,4433,106,1.9,0,1,1,18.72,84.46
PRJ-359,59977948,37,4807,61,2.7,1,0,1,59.26,2.63
PRJ-360,197685070,48,171,164,4.5,0,1,0,67.77,78.54
PRJ-361,19315603,12,4544,82,2.5,0,0,0,33.06,16.01
PRJ-362,81775626,24,740,189,1.9,0,1,0,57.96,2.7
PRJ-363,153601077,46,167,149,2.3,0,0,0,16.18,64.07
PRJ-364,32054864,32,2303,165,2.3,0,1,0,29.04,33.62
PRJ-365,85416389,35,2986,23,1.2,1,0,0,84.17,43.42
PRJ-366,140343985,32,4328,147,4.7,1,1,0,35.49,57.61
PRJ-367,171285781,30,2837,89,4.2,1,0,1,79.46,26.41
PRJ-368,129547737,12,3943,18,1.0,0,1,0,9.13,64.13
PRJ-369,106343243,21,2742,111,1.0,0,1,1,97.39,48.96
PRJ-370,49651446,16,3063,19,4.6,1,1,0,37.51,9.37
PRJ-371,46899671,30,4410,150,4.1,0,0,0,64.67,54.99
PRJ-372,110156394,48,2965,36,1.8,1,0,0,82.89,57.06
PRJ-373,95299500,42,1179,176,3.5,0,0,0,21.44,71.82
PRJ-374,10797852,40,3093,182,2.0,1,1,1,89.72,1.09
PRJ-375,123488551,31,1496,104,3.6,1,0,0,36.78,55.66
PRJ-376,55841384,46,715,69,2.6,0,1,0,90.97,39.61
PRJ-377,657880,43,3384,85,3.3,1,1,1,62.34,24.72
PRJ-378,94033935,5,4120,143,2.8,0,1,1,24.18,47.59
PRJ-379,73841575,38,3762,113,3.1,0,0,1,95.65,36.1
PRJ-380,86083160,44,2999,192,2.1,0,0,0,66.54,54.2
PRJ-381,115227183,30,1907,188,4.5,0,1,0,33.56,46.53
PRJ-382,89833866,38,3653,144,2.6,0,0,0,95.72,68.0
PRJ-383,189918279,22,2767,23,4.1,0,0,0,73.74,3.83
PRJ-384,43008823,43,2406,95,3.3,0,1,1,56.13,46.41
PRJ-385,59192619,6,3802,38,3.5,0,0,0,22.67,51.5
PRJ-386,88867044,26,2237,186,1.5,1,0,0,52.58,42.38
PRJ-387,116829996,29,4440,158,4.6,1,1,1,99.03,19.29
PRJ-388,124965143,30,2601,197,2.5,0,0,0,98.21,39.05
PRJ-389,54888001,45,763,135,1.4,1,0,1,44.7,17.83
PRJ-390,183123842,45,1900,196,1.9,0,1,0,66.43,32.66
PRJ-391,56993703,33,2978,79,4.4,1,0,1,82.3,33.76
PRJ-392,171839305,19,4042,138,5.0,0,0,1,87.68,19.95
PRJ-393,148344239,44,1434,34,4.2,1,0,0,52.76,90.57
PRJ-394,94888922,39,2726,179,4.0,1,0,1,54.41,44.39
PRJ-395,194971022,12,100,45,4.3,1,0,0,71.52,2.58
PRJ-396,156102569,36,4856,17,3.1,1,1,0,82.59,94.65
PRJ-397,197568764,45,3693,25,4.0,1,1,0,74.39,34.94
PRJ-398,13100066,29,3004,64,4.3,1,1,1,20.77,64.61
PRJ-399,40007264,23,1825,92,2.8,0,0,1,85.6,83.47
PRJ-400,93722974,6,3259,182,2.8,1,1,1,67.71,66.1
PRJ-401,94685104,22,2873,172,2.7,0,0,0,63.72,20.8
PRJ-402,87584466,12,1434,39,4.9,0,1,0,45.09,23.16
PRJ-403,13549982,35,2257,38,3.5,1,0,1,78.54,59.03
PRJ-404,48978302,18,826,173,3.0,0,0,0,8.28,69.65
PRJ-405,145051730,17,3858,24,1.4,0,1,0,41.04,21.62
PRJ-406,101583366,23,2770,171,2.0,1,1,0,74.26,0.27
PRJ-407,117216993,33,3358,176,1.9,0,0,1,4.43,13.48
PRJ-408,79826139,24,1936,181,1.9,1,0,1,23.5,99.84
PRJ-409,183954314,20,3969,111,4.5,0,1,0,91.81,77.2
PRJ-410,102959675,31,2989,55,4.9,0,0,0,71.51,88.86
PRJ-411,135256288,25,679,50,1.2,0,1,0,4.84,95.71
PRJ-412,44802136,34,1112,21,3.5,0,0,1,35.28,45.2
PRJ-413,74993816,23,437,160,2.0,0,0,0,31.37,82.1
PRJ-414,106985041,39,4108,72,3.9,1,1,1,82.49,10.88
PRJ-415,40867937,40,1563,177,2.0,0,0,0,84.37,75.64
PRJ-416,55762820,32,510,33,1.8,0,1,0,3.21,36.4
PRJ-417,68611120,42,3773,174,1.3,1,0,0,31.83,1.63
PRJ-418,163352441,5,3151,138,4.8,1,1,1,28.91,86.51
PRJ-419,153718800,32,3962,195,1.6,0,1,0,36.92,78.75
PRJ-420,163423863,8,3664,84,3.5,1,0,1,41.69,73.33
PRJ-421,107371526,6,199,133,2.0,0,0,1,22.22,17.84
PRJ-422,32534247,41,51,122,1.2,1,0,0,58.16,77.06
PRJ-423,22463256,36,1406,133,1.1,0,1,0,16.05,76.8
PRJ-424,59648777,33,3268,175,4.3,0,1,1,28.41,29.78
PRJ-425,110082139,29,3667,11,1.0,0,1,1,48.47,55.21
PRJ-426,186946973,43,3777,107,3.1,1,1,1,49.93,49.08
PRJ-427,89718016,11,3894,37,3.1,1,1,1,29.27,20.61
PRJ-428,134911208,24,1972,124,4.5,0,1,1,8.2,77.66
PRJ-429,164257381,16,2227,29,3.4,1,1,1,79.95,56.0
PRJ-430,120905189,23,4901,188,1.8,0,0,0,66.37,12.21
PRJ-431,35583209,34,4113,158,1.4,1,1,0,90.38,21.81
PRJ-432,194462664,43,4227,43,5.0,1,0,0,80.24,23.1
PRJ-433,40915332,6,1279,183,2.5,0,0,1,14.88,10.15
PRJ-434,147827697,31,4183,30,1.3,1,1,0,4.8,53.64
PRJ-435,14844249,38,2179,92,1.1,1,0,0,93.89,58.31
PRJ-436,116070977,10,1151,185,3.1,0,1,1,49.05,47.78
PRJ-437,145529266,3,932,116,4.1,1,0,1,21.34,67.39
PRJ-438,109595771,29,4836,76,4.6,0,0,1,71.68,81.09
PRJ-439,197671509,31,2375,192,2.0,0,1,0,77.44,29.22
PRJ-440,192804624,40,3062,156,3.0,0,1,0,44.9,39.08
PRJ-441,155923272,16,4777,127,3.7,1,0,0,2.02,6.7
PRJ-442,4011126,44,4885,186,4.7,0,0,0,34.13,66.84
PRJ-443,137782064,29,1708,19,1.3,1,1,1,94.68,21.32
PRJ-444,116318636,46,1752,85,1.1,1,1,1,97.86,21.64
PRJ-445,35740108,24,3014,49,1.6,1,1,0,39.24,69.97
PRJ-446,185987476,5,4873,99,1.7,1,1,1,80.44,29.62
PRJ-447,96345603,18,4905,41,2.5,0,0,1,23.73,20.67
PRJ-448,121336641,40,4549,51,1.7,1,1,1,56.05,53.83
PRJ-449,135253652,36,921,193,1.3,1,0,1,86.35,55.65
PRJ-450,99109047,36,2295,48,4.3,0,0,1,29.38,25.07
PRJ-451,24217443,7,320,62,4.1,0,1,1,65.42,5.67
PRJ-452,15623166,10,4886,12,1.4,1,1,0,29.07,86.91
PRJ-453,81943078,42,4986,170,4.5,0,1,0,63.21,60.85
PRJ-454,195766669,35,527,53,3.9,1,1,0,12.55,2.12
PRJ-455,43961129,46,802,116,3.0,1,0,1,62.92,38.76
PRJ-456,199849344,10,4314,92,3.2,1,0,0,7.56,16.37
PRJ-457,163903520,14,1933,122,3.0,0,1,0,12.4,46.75
PRJ-458,25802609,20,4430,152,1.1,1,0,1,64.94,98.81
PRJ-459,61552054,40,2431,114,3.7,0,0,0,73.08,4.15
PRJ-460,194703013,15,4858,120,4.4,1,1,0,56.44,22.17
PRJ-461,148406102,9,1525,153,2.7,0,0,0,70.55,80.47
PRJ-462,38552790,23,658,104,2.1,0,1,0,97.95,43.4
PRJ-463,110425244,20,3387,124,3.1,1,0,0,20.39,65.59
PRJ-464,139900607,6,313,61,4.1,1,0,1,33.18,62.14
PRJ-465,150144439,5,1044,49,1.6,0,1,1,9.53,90.83
PRJ-466,61125545,25,2262,164,1.7,1,1,0,27.5,0.17
PRJ-467,183769785,20,1061,29,3.1,0,1,0,11.33,94.83
PRJ-468,54363359,25,1128,166,3.5,0,0,1,57.33,92.44
PRJ-469,118563470,38,3237,166,2.7,1,0,0,58.49,16.7
PRJ-470,40382325,21,3373,173,3.3,1,1,1,2.31,65.8
PRJ-471,18953349,3,2158,166,2.5,1,0,1,13.47,7.92
PRJ-472,28245486,3,2940,119,1.8,0,0,1,57.7,69.39
PRJ-473,41363339,38,1496,138,4.2,1,0,1,31.54,33.3
PRJ-474,119732276,7,4892,178,1.5,0,1,0,50.1,19.24
PRJ-475,117865699,21,4988,41,3.0,0,1,0,19.48,97.09
PRJ-476,17804672,32,653,199,2.2,1,0,0,22.81,75.93
PRJ-477,11936501,24,2828,150,1.2,1,0,0,65.08,9.52
PRJ-478,20453656,35,2620,161,2.3,1,0,0,90.56,19.94
PRJ-479,146609262,11,3886,19,1.5,1,0,0,31.18,11.27
PRJ-480,108468440,7,1700,176,2.1,1,1,0,2.68,88.2
PRJ-481,13520979,14,788,132,3.1,1,0,1,72.23,62.51
PRJ-482,2121286,32,3819,33,2.5,1,1,0,69.96,93.39
PRJ-483,51636580,42,768,24,3.1,0,0,1,91.91,45.45
PRJ-484,160082372,29,1037,14,2.2,0,1,1,44.52,6.88
PRJ-485,77676055,47,712,187,4.2,1,1,1,60.18,24.2
PRJ-486,112328195,12,3478,75,4.0,1,0,0,66.97,26.84
PRJ-487,171505980,21,2330,135,4.7,1,0,1,35.37,88.03
PRJ-488,69295781,43,2031,142,1.3,0,0,0,11.35,15.39
PRJ-489,159747062,4,3465,114,2.1,0,1,0,97.48,89.35
PRJ-490,33027287,15,3829,10,4.3,1,0,0,57.89,72.47
PRJ-491,105753663,3,2060,153,2.8,1,1,0,21.49,18.64
PRJ-492,107181934,9,3817,60,2.3,0,0,0,12.21,15.35
PRJ-493,14043507,33,4934,120,2.5,1,1,0,18.63,89.07
PRJ-494,97665323,31,4967,186,2.5,1,0,0,79.09,52.92
PRJ-495,25355748,6,2492,33,4.6,1,0,0,9.02,90.62
PRJ-496,99582123,28,3675,24,4.2,1,0,1,20.07,71.0
PRJ-497,127693627,8,85,101,4.2,0,1,0,2.49,24.45
PRJ-498,65786822,43,4667,117,3.0,0,0,1,82.35,38.43
PRJ-499,44135365,27,1016,72,2.4,0,1,1,23.01,71.66
PRJ-500,24523992,44,4632,119,1.5,1,0,0,0.48,3.07
